﻿{"inkVersion":20,"root":[[{"->":"Chapter1"},["done",{"#f":5,"#n":"g-0"}],null],"done",{"Chapter1":[["^(Asked by the professor if the thesis was finished) Time to hand in the thesis. Are you finished? ",{"#":"SPEAKER:teacher"},{"#":"portrait:normal"},"\n","ev","str","^(It is finished)","/str","/ev",{"*":".^.c-0","flg":20},"ev","str","^(Confess that thesis is not finished)","/str","/ev",{"*":".^.c-1","flg":20},{"c-0":["\n","^It is finished for real! ",{"#":"SPEAKER:student"},{"#":"portrait:student_sweat"},"\n","^(professor asks for check) ",{"#":"SPEAKER:teacher"},{"#":"portrait:doubt"},"\n","^Let me see! ",{"#":"SPEAKER:teacher"},{"#":"portrait:angry"},"\n",["ev","str","^(Computer is broken)","/str","/ev",{"*":".^.c-0","flg":20},"ev","str","^(I will send it to your e-mail)","/str","/ev",{"*":".^.c-1","flg":20},{"c-0":["\n","^The computer can't be turned on. . . ",{"#":"SPEAKER:student"},{"#":"portrait:student_calm"},"\n","^(Professor insists) ",{"#":"SPEAKER:teacher"},{"#":"portrait:doubt"},"\n","^That's your problem! I need your assignment thesis now! ",{"#":"SPEAKER:teacher"},"\n",["ev","str","^(Tell the truth)","/str","/ev",{"*":".^.c-0","flg":20},"ev","str","^(Quick copy paste)","/str","/ev",{"*":".^.c-1","flg":20},{"c-0":["\n","^I'm really sorry, professor. What I wrote on my thesis was so bad that I couldn't even stand it. I have deleted it ",{"#":"SPEAKER:student"},{"#":"portrait:student_calm"},"\n","^(The teacher starts tutoring) ",{"#":"SPEAKER:teacher"},{"#":"portrait:normal"},"\n","^OK, everyone is learning to write gradually. You should read more literature to improve ",{"#":"SPEAKER:teacher"},"\n",["ev","str","^(Yes Yes)","/str","/ev",{"*":".^.c-0","flg":20},"ev","str","^(Swearing to learn)","/str","/ev",{"*":".^.c-1","flg":20},{"c-0":["\n","^Ah yes yes yes yes ",{"#":"SPEAKER:student"},{"#":"portrait:student_happy"},"\n","^? Watch your attitude. Go on like this, you will be got out of the university ",{"#":"SPEAKER:teacher"},{"#":"portrait:angry"},"\n","^(Can't delay any longer) ",{"#":"SPEAKER:system"},"\n",{"->":"DDL"},{"->":"Chapter1.0.g-0"},{"#f":5}],"c-1":["\n","^OK, professor, I will definitely change my bad attitude, swear to God to study harder, and write my thesis from today ",{"#":"SPEAKER:student"},{"#":"portrait:student_cry"},"\n","^Then write it up! ",{"#":"SPEAKER:teacher"},{"#":"portrait:speechless"},"\n","^(Deadline extended by one day) ",{"#":"SPEAKER:system"},"\n","ev",{"VAR?":"daysDelayed"},1,"+","/ev",{"VAR=":"daysDelayed","re":true},{"->":"Chapter1.0.g-0"},{"#f":5}]}],{"#f":5}],"c-1":["\n","^(ctrl+c, ctrl+v, copy from other thesis, should be enough to deal with the professor) ",{"#":"SPEAKER:student"},{"#":"portrait:student_sweat"},"\n","^Let me read what you wrote, um... It's not good enough. You should go through more literature and then propose more research questions to me ",{"#":"SPEAKER:teacher"},{"#":"portrait:normal"},"\n",["ev","str","^(Start over the thesis)","/str","/ev",{"*":".^.c-0","flg":20},{"c-0":["\n","^OK, professor, I will read more literature ",{"#":"SPEAKER:student"},{"#":"portrait:student_sweat"},"\n","^Remember to send it to me when you are done ",{"#":"SPEAKER:teacher"},{"#":"portrait:normal"},"\n","^(Deadline extended by one day) ",{"#":"SPEAKER:system"},"\n","ev",{"VAR?":"daysDelayed"},1,"+","/ev",{"VAR=":"daysDelayed","re":true},{"->":"Chapter1.0.g-0"},{"#f":5}]}],{"#f":5}]}],{"#f":5}],"c-1":["\n","^OK, I'll send it to you later. ",{"#":"SPEAKER:student"},{"#":"portrait:student_sweat"},"\n","^OK ",{"#":"SPEAKER:teacher"},{"#":"portrait:normal"},"\n",["ev","str","^(Stay up all night)","/str","/ev",{"*":".^.c-0","flg":20},"ev","str","^(Spend a lot of money to find someone to ghostwrite)","/str","/ev",{"*":".^.c-1","flg":20},{"c-0":["\n","^(Stay up all night to get the thesis half-done) ",{"#":"SPEAKER:student"},{"#":"portrait:student_sweat"},"\n","^(Professor starts tutoring) ",{"#":"SPEAKER:teacher"},{"#":"portrait:student_speechless"},"\n","^I read your half-done thesis, but there are still a lot of problems. First of all, the structure is not correct, the order of the text is very problematic, and it deviates from the research question. You should....",{"#":"SPEAKER:teacher"},"\n",["ev","str","^(I will learn harder)","/str","/ev",{"*":".^.c-0","flg":20},"ev","str","^(Still don't learn)","/str","/ev",{"*":".^.c-1","flg":20},{"c-0":["\n","^OK, professor, I will change it according to what you taught me ",{"#":"SPEAKER:student"},{"#":"portrait:student_pain"},"\n","^(Roughly reading the thesis) ",{"#":"SPEAKER:teacher"},"\n","^Your topic selection in your thesis contains three parts, then extend from these three parts... Do you understand? Remember to send it to me when you fix it ",{"#":"SPEAKER:teacher"},{"#":"portrait:normal"},"\n","^(Deadline extended by one day) ",{"#":"SPEAKER:system"},"\n","ev",{"VAR?":"daysDelayed"},1,"+","/ev",{"VAR=":"daysDelayed","re":true},{"->":"Chapter1.0.g-0"},{"#f":5}],"c-1":["\n","^It's not a big problem ",{"#":"SPEAKER:student"},{"#":"portrait:student_happy"},"\n","^Some students have such a bad attitude toward learning. We should hold a meeting to read through the thesis together. And fix your problem! ",{"#":"SPEAKER:teacher"},{"#":"portrait:angry"},"\n","^(Deadline extended by one day) ",{"#":"SPEAKER:system"},"\n","ev",{"VAR?":"daysDelayed"},1,"+","/ev",{"VAR=":"daysDelayed","re":true},{"->":"Chapter1.0.g-0"},{"#f":5}]}],{"#f":5}],"c-1":["\n","^(Ah, ah, ah, I can't write it, just find a ghostwriter to write it for me) ",{"#":"SPEAKER:student"},{"#":"portrait:student_pain"},"\n","^(Ghostwrote part of it, hand it to professor) ",{"#":"SPEAKER:student"},"\n","^Although there are still some minor problems, the overall feeling is OK, good progress, learning is being done step-by-step",{"#":"SPEAKER:teacher"},{"#":"portrait:normal"},"\n",["ev","str","^(Working crazy to earn money)","/str","/ev",{"*":".^.c-0","flg":20},{"c-0":["\n","^(The cost of ghostwriting costs my life($5000)) ",{"#":"SPEAKER:student"},{"#":"portrait:student_pain"},"\n","^The thesis is looking good. You should contact the editor to have a look, continue to work hard and study hard. The road to scientific research is difficult. You must stick to your own learning goals ",{"#":"SPEAKER:teacher"},{"#":"portrait:normal"},"\n","^(Deadline extended by two days) ",{"#":"SPEAKER:system"},"\n","ev",{"VAR?":"daysDelayed"},2,"+","/ev",{"VAR=":"daysDelayed","re":true},{"->":"Chapter1.0.g-0"},{"#f":5}]}],{"#f":5}]}],{"#f":5}]}],{"#f":5}],"c-1":["\n","^I'm sorry, professor, I don't have much progress yet ",{"#":"SPEAKER:student"},{"#":"portrait:student_calm"},"\n","^How long has it been since you wrote this thesis? There must be a sense of urgency. You won't be able to graduate if you don't finish it soon ",{"#":"SPEAKER:teacher"},{"#":"portrait:normal"},"\n",["ev","str","^(Sincere apologies)","/str","/ev",{"*":".^.c-0","flg":20},"ev","str","^(Lying that you are in the hospital)","/str","/ev",{"*":".^.c-1","flg":20},{"c-0":["\n","^I'm really, really, really sorry, teacher. I'm sorry, I will definitely study harder. I'm sorry, I will never delay the thesis again ",{"#":"SPEAKER:student"},{"#":"portrait:student_cry"},"\n","^It's a nice saying, but you never did it. How can you go forward on the road of scientific research if you can't write a thesis? ",{"#":"SPEAKER:teacher"},{"#":"portrait:speechless"},"\n","^Have a plan for your future. Otherwise, how can you compete with others? Hurry up! Write your thesis! ",{"#":"SPEAKER:teacher"},"\n",["ev","str","^(Continue to try to delay)","/str","/ev",{"*":".^.c-0","flg":20},"ev","str","^(Slowly start progress)","/str","/ev",{"*":".^.c-1","flg":20},{"c-0":["\n","^I'm sorry, professor, something happened at my home. I'll give it to you in two days ",{"#":"SPEAKER:student"},{"#":"portrait:student_normal"},"\n","^I need to see your thesis tomorrow! ",{"#":"SPEAKER:teacher"},{"#":"portrait:angry"},"\n",["ev","str","^(Sincere apologies)","/str","/ev",{"*":".^.c-0","flg":20},"ev","str","^(Cries apologetically)","/str","/ev",{"*":".^.c-1","flg":20},{"c-0":["\n","^I'm really, really, really sorry, teacher. I'm sorry, I will definitely study harder. I'm sorry, I will never delay the thesis again ",{"#":"SPEAKER:student"},{"#":"portrait:student_cry"},"\n","^Didn't you say the same last time? ",{"#":"SPEAKER:teacher"},{"#":"portrait:angry"},"\n","^(Can't delay any longer) ",{"#":"SPEAKER:system"},"\n",{"->":"DDL"},{"->":"Chapter1.0.g-0"},{"#f":5}],"c-1":["\n","^(kneeling and hugging professor's legs and licking professor's feet)","\n","^TATTATTAT, professor, I'm sorry for you, I'm so failed, I'm sorry for hurting you ",{"#":"SPEAKER:student"},{"#":"portrait:student_pain"},"\n","^....Forget it..., just finish your thesis...., finish it and send it to my e-mail ",{"#":"SPEAKER:teacher"},{"#":"portrait:speechless"},"\n","^(Deadline extended by one day) ",{"#":"SPEAKER:system"},"\n","ev",{"VAR?":"daysDelayed"},1,"+","/ev",{"VAR=":"daysDelayed","re":true},{"->":"Chapter1.0.g-0"},{"#f":5}]}],{"#f":5}],"c-1":["\n","^Professor, how about my new research questions ",{"#":"SPEAKER:student"},{"#":"portrait:student_happy"},"\n","^Go on with the second one, hurry up and finish the thesis ",{"#":"SPEAKER:teacher"},{"#":"portrait:normal"},"\n",["ev","str","^(Exaggerated the progress)","/str","/ev",{"*":".^.c-0","flg":20},{"c-0":["\n","^It will be finished very soon ",{"#":"SPEAKER:student"},{"#":"portrait:student_normal"},"\n","^Still have to pay attention to the writing logic. Send to me as soon as possible ",{"#":"SPEAKER:teacher"},"\n","^(Deadline extended by one day) ",{"#":"SPEAKER:system"},"\n","ev",{"VAR?":"daysDelayed"},1,"+","/ev",{"VAR=":"daysDelayed","re":true},{"->":"Chapter1.0.g-0"},{"#f":5}]}],{"#f":5}]}],{"#f":5}],"c-1":["\n","^I'm sorry, professor, I have been diagnosed with a tumor, and I'm in the hospital now. Can I send the thesis to you after I recover ",{"#":"SPEAKER:student"},{"#":"portrait:student_calm"},"\n","^OK, take care of yourself and get well soon ",{"#":"SPEAKER:teacher"},{"#":"portrait:normal"},"\n",["ev","str","^(You are in hospital for real)","/str","/ev",{"*":".^.c-0","flg":20},"ev","str","^(Fake hospitalization)","/str","/ev",{"*":".^.c-1","flg":20},{"c-0":["\n","^(Surgerying) ",{"#":"SPEAKER:student"},{"#":"portrait:student_pain"},"\n","^Even you are in the hospital now, you still have to read more literature ",{"#":"SPEAKER:teacher"},"\n",["ev","str","^(Find excuse for extended hospital stay)","/str","/ev",{"*":".^.c-0","flg":20},"ev","str","^(Back to home)","/str","/ev",{"*":".^.c-1","flg":20},{"c-0":["\n","^Professor, but the condition seems to get worse, and I have to be hospitalized for a while. ",{"#":"SPEAKER:student"},{"#":"portrait:student_calm"},"\n","^OK, then contact me after you get out of the hospital ",{"#":"SPEAKER:teacher"},"\n","^(Deadline extended by one day) ",{"#":"SPEAKER:system"},"\n","ev",{"VAR?":"daysDelayed"},1,"+","/ev",{"VAR=":"daysDelayed","re":true},{"->":"Chapter1.0.g-0"},{"#f":5}],"c-1":["\n","^Professor, I am doing recovery training at home, and I will send my thesis to you soon. ",{"#":"SPEAKER:student"},{"#":"portrait:student_normal"},"\n","^? So,you are already home, hurry up and finish it ",{"#":"SPEAKER:teacher"},{"#":"portrait:doubt"},"\n","^(Deadline extended by one day) ",{"#":"SPEAKER:system"},"\n","ev",{"VAR?":"daysDelayed"},1,"+","/ev",{"VAR=":"daysDelayed","re":true},{"->":"Chapter1.0.g-0"},{"#f":5}]}],{"#f":5}],"c-1":["\n","^Professor, I have a broken bone, and I have to stay at the hospital. I send the thesis to you soon. ",{"#":"SPEAKER:student"},{"#":"portrait:student_calm"},"\n","^(Professor senses the lie) ",{"#":"SPEAKER:teacher"},"\n","^? I saw you at the university gate half an hour ago, liar! ",{"#":"SPEAKER:teacher"},{"#":"portrait:angry"},"\n",["ev","str","^(Continues to lie)","/str","/ev",{"*":".^.c-0","flg":20},{"c-0":["\n","^........Sorry teacher, I... I just broke my bone ten minutes ago, really, you have to believe me ",{"#":"SPEAKER:student"},{"#":"portrait:student_calm"},"\n","^Then you can stay in the hospital forever and never come back to the university. ",{"#":"SPEAKER:teacher"},"\n","^(Can't delay any longer) ",{"#":"SPEAKER:system"},"\n",{"->":"DDL"},{"->":"Chapter1.0.g-0"},{"#f":5}]}],{"#f":5}]}],{"#f":5}]}],{"#f":5}],"g-0":[{"->":"Chapter2"},{"#f":5}]}],{"#f":1}],"Chapter2":[["^(…………………………) ",{"#":"SPEAKER:system"},{"#":"portrait:student_normal"},"\n","^(The professor asks about the progress of the thesis again) ",{"#":"portrait:normal"},"\n","^You seem to happen to have something interrupt your writing every time. You are lucky, but the deadline can't wait for you. Can you finish the thesis this time?",{"#":"SPEAKER:teacher"},"\n","ev","str","^(Confess no progress yet)","/str","/ev",{"*":".^.c-0","flg":20},"ev","str","^(Lie about progress)","/str","/ev",{"*":".^.c-1","flg":20},{"c-0":["\n","^Haven't written yet... ",{"#":"SPEAKER:student"},{"#":"portrait:student_calm"},"\n",["ev","str","^(Crying)","/str","/ev",{"*":".^.c-0","flg":20},"ev","str","^(Do not reply to the message)","/str","/ev",{"*":".^.c-1","flg":20},{"c-0":["\n","^Haven't written... haven't written... sorry professor (crying) ",{"#":"SPEAKER:student"},{"#":"portrait:student_cry"},"\n","^(The professor asks the reason gently) ",{"#":"SPEAKER:teacher"},"\n","^What are you crying for? If there is any problem, we will solve it together, don't cry, don't cry ",{"#":"SPEAKER:teacher"},"\n",["ev","str","^(Because my house was invaded by aliens)","/str","/ev",{"*":".^.c-0","flg":20},"ev","str","^(Don't know how to write)","/str","/ev",{"*":".^.c-1","flg":20},{"c-0":["\n","^Actually, because...my house was invaded by aliens. The aliens raided my house ",{"#":"SPEAKER:student"},{"#":"portrait:student_calm"},"\n","^My parents were caught for aliens' experiments. I managed to escape and reply message to your... ",{"#":"SPEAKER:student"},"\n","^(Professor does not believe) ",{"#":"SPEAKER:teacher"},{"#":"portrait:doubt"},"\n","^You can't write a thesis, but you can come up with a good novel. Stop talking nonsense. Where is the thesis? ",{"#":"SPEAKER:teacher"},"\n",["ev","str","^(Pretend to be taken by aliens)","/str","/ev",{"*":".^.c-0","flg":20},"ev","str","^(Using alien technology to hypnotize the professor)","/str","/ev",{"*":".^.c-1","flg":20},{"c-0":["\n","^hum! Uh ah ah ah ah ↑ ah ↑ ah ↑ ah ↑ ah - ah - ah - ah! Ah ah ah ah → ah ↑ ah ah ah, drink ah! ahhhhhhhhhhhhhhhhhhhhhhhhhhhhhhhhhhhhhhhhhhhhhhh~ ",{"#":"SPEAKER:student"},{"#":"portrait:student_pain"},"\n","^(The professor was worried about you and called the police, and the police were about to intervene in your home investigation. Successfully delayed deadline for two days) ",{"#":"SPEAKER:system"},{"#":"portrait:normal"},"\n","ev",{"VAR?":"daysDelayed"},2,"+","/ev",{"VAR=":"daysDelayed","re":true},{"->":"Chapter2.0.g-0"},{"#f":5}],"c-1":["\n","^Boom! Boom! Boom! ",{"#":"SPEAKER:student"},{"#":"portrait:student_pain"},"\n","^(The professor was knocked out by you. Successfully delayed the deadline for one day) ",{"#":"SPEAKER:system"},"\n","ev",{"VAR?":"daysDelayed"},1,"+","/ev",{"VAR=":"daysDelayed","re":true},{"->":"Chapter2.0.g-0"},{"#f":5}]}],{"#f":5}],"c-1":["\n","^I'm sorry, professor, it's not that I don't want to write. It's that I really can't, I really don't know how to write the thesis ",{"#":"SPEAKER:student"},{"#":"portrait:student_calm"},"\n","^(The professor starts tutoring you and asks you to finish the thesis) ",{"#":"SPEAKER:teacher"},{"#":"portrait:normal"},"\n","^Hmm...hey... I don't know what you are afraid of, you can ask if you don't know how to write the thesis... ",{"#":"SPEAKER:teacher"},"\n","^You don't know anything? Ah...I get it, it's OK, it's OK, I'll teach you again...","\n","^... In short, here is a simple and easy-to-understand writing idea... This will do, right?","\n","^Can I see the first draft of your thesis before the end of the day? You can ask if you have questions, don't cry, I will help you.","\n","^(The professor is so helpful, you can't refuse to write the thesis with the professor's help) ",{"#":"SPEAKER:system"},"\n","^(Can't delay the deadline any longer) ",{"#":"SPEAKER:system"},"\n",{"->":"DDL"},{"->":"Chapter2.0.g-0"},{"#f":5}]}],{"#f":5}],"c-1":["\n","^… ",{"#":"SPEAKER:student"},{"#":"portrait:student_happy"},"\n","^No reply again... The students who lied and didn't hand in their thesiss last week have now been hung on the university gate to show the public. Don't tell me you want the same! ",{"#":"SPEAKER:teacher"},{"#":"portrait:angry"},"\n",["ev","str","^(Call the fire department to put out the fire(anger))","/str","/ev",{"*":".^.c-0","flg":20},"ev","str","^(Pretending to be seriously ill and claiming didn't see the message)","/str","/ev",{"*":".^.c-1","flg":20},{"c-0":["\n","^\"Hello, there is a strong smell of collagen burning in Room XX, XX Road, XX University, XX City. It seems that there are signs of fire. Please come to put out the fire and stop the disaster... Yes, I am a student at this university. ...\" ",{"#":"SPEAKER:student"},{"#":"portrait:normal"},{"#":"portrait:student_normal"},"\n","^(You and your professor were rebuked by the principal for lying about the fire disaster) ",{"#":"SPEAKER:system"},"\n","^\"Ah? Hello, Principal? Ah yes, I'm XXX, your office now? Talk? Immediately??? Ah OK OK, I got it...\" ",{"#":"SPEAKER:student"},"\n","^( You were deceived by the principal and the professor, they only want your thesis) ",{"#":"SPEAKER:system"},"\n","^Teacher, why are you here! thesis? Is this the time to talk about the thesis- you and the principal lied to me? ! ! what--! ! ! ",{"#":"SPEAKER:student"},"\n","^(Couldn't hand in thesis) ",{"#":"SPEAKER:system"},"\n","^(Can't delay the deadline any longer) ",{"#":"SPEAKER:system"},"\n",{"->":"DDL"},{"->":"Chapter2.0.g-0"},{"#f":5}],"c-1":["\n","^Ah...cough, professor...cough... I'm sorry, I've been a little sick recently. I didn't see any messages from you...cough... cough... what's the matter? ",{"#":"SPEAKER:student"},{"#":"portrait:student_sweat"},"\n","^(The professor worries about you and wants to visit you ",{"#":"SPEAKER:teacher"},{"#":"portrait:doubt"},"\n","^Are you alright? ",{"#":"SPEAKER:teacher"},"\n",["ev","str","^(Reply to professor)","/str","/ev",{"*":".^.c-0","flg":20},"ev","str","^(Use Fire Puch on yourself)","/str","/ev",{"*":".^.c-1","flg":20},{"c-0":["\n","^… ",{"#":"SPEAKER:student"},{"#":"portrait:student_sweat"},"\n","^(You shouldn't have time to respond the message) ",{"#":"SPEAKER:system"},{"#":"portrait:angry"},"\n","^(The professor found out you are faking) ",{"#":"SPEAKER:system"},"\n","^(Can't delay the deadline any longer) ",{"#":"SPEAKER:system"},"\n",{"->":"DDL"},{"->":"Chapter2.0.g-0"},{"#f":5}],"c-1":["\n","^Ah, WTF! There's no other way - bang! Snapped! Boom! ",{"#":"SPEAKER:student"},{"#":"portrait:student_pain"},"\n","^(You passed out) ",{"#":"SPEAKER:system"},"\n","^(Successfully extended the dealine by one day) ",{"#":"SPEAKER:system"},"\n","ev",{"VAR?":"daysDelayed"},2,"+","/ev",{"VAR=":"daysDelayed","re":true},{"->":"Chapter2.0.g-0"},{"#f":5}]}],{"#f":5}]}],{"#f":5}]}],{"#f":5}],"c-1":["\n","^Ah... wait a second ",{"#":"SPEAKER:student"},{"#":"portrait:normal"},{"#":"portrait:student_sweat"},"\n",["ev","str","^(The local area has a power failure, and the computer is not working)","/str","/ev",{"*":".^.c-0","flg":20},"ev","str","^(The internet is too slow)","/str","/ev",{"*":".^.c-1","flg":20},{"c-0":["\n","^Ah, but professor, there is a power failure in my living area, and my computer just ran out of power and shut down. I'll send it to you when I can! ",{"#":"SPEAKER:student"},{"#":"portrait:student_calm"},"\n","^It's such a coincidence that there is a power failure now - OK, then let me know when the power is back... ",{"#":"SPEAKER:teacher"},{"#":"portrait:doubt"},"\n","^(The professor decided to come to your house and wait for you)","\n","^Or I'll just come to your house and wait. I've been sleeping poorly recently due to the light at night. Your place may be more suitable for me to rest. ",{"#":"SPEAKER:teacher"},"\n",["ev","str","^(Escape from home)","/str","/ev",{"*":".^.c-0","flg":20},"ev","str","^(Sabotage the local electricity)","/str","/ev",{"*":".^.c-1","flg":20},"ev","str","^(There is electricity, but my computer explodes as soon as it is powered on)","/str","/ev",{"*":".^.c-2","flg":20},{"c-0":["\n","^FFFFFF, the only way is runnn!! ",{"#":"SPEAKER:student"},{"#":"portrait:student_pain"},"\n","^The professor found out that there was no power failure in your area) ",{"#":"SPEAKER:system"},{"#":"portrait:angry"},"\n","^(Can't delay the deadline any longer) ",{"#":"SPEAKER:system"},"\n",{"->":"DDL"},{"->":"Chapter2.0.g-0"},{"#f":5}],"c-1":["\n","^FUCK FUCK FUCK FUCK, WHERE IS THE ELECTRICITY BOX? ",{"#":"SPEAKER:student"},{"#":"portrait:student_pain"},"\n","^Ooooooo Found it &bsg%￥atu&^%jhgfr*%￥&geg...... What is this cable? cut. -",{"#":"SPEAKER:student"},{"#":"portrait:student_sweat"},"\n","^(Caused a blackout and chased by the community staff, but successfully delayed the deadline) ",{"#":"SPEAKER:system"},"\n","ev",{"VAR?":"daysDelayed"},2,"+","/ev",{"VAR=":"daysDelayed","re":true},{"->":"Chapter2.0.g-0"},{"#f":5}],"c-2":["\n","^My computer exploded, don't worry, I'm fine, but the thesis is gone",{"#":"SPEAKER:student"},"\n","^(Destroyed a computer, but delayed the deadline) ",{"#":"SPEAKER:system"},{"#":"portrait:normal"},"\n","ev",{"VAR?":"daysDelayed"},1,"+","/ev",{"VAR=":"daysDelayed","re":true},{"->":"Chapter2.0.g-0"},{"#f":5}]}],{"#f":5}],"c-1":["\n","^Ah, but professor, my home network is a bit slow.  I'm still waiting for the thesis to upload... ",{"#":"SPEAKER:student"},{"#":"portrait:normal"},{"#":"portrait:student_calm"},"\n","^OK, it's alright. I'll just wait. It'll be uploaded within today, right?~",{"#":"SPEAKER:teacher"},"\n",["ev","str","^(Claiming that the computer was eaten by a dog)","/str","/ev",{"*":".^.c-0","flg":20},"ev","str","^(The network signal is poor, and you cannot reply the message)","/str","/ev",{"*":".^.c-1","flg":20},{"c-0":["\n","^What! professor! My dog just jumped on my desk! My computer was eaten by him! ",{"#":"SPEAKER:student"},{"#":"portrait:student_sweat"},"\n","^………………………………You…seriously? ",{"#":"SPEAKER:teacher"},{"#":"portrait:speechless"},"\n",["ev","str","^(PS a photo proof)","/str","/ev",{"*":".^.c-0","flg":20},"ev","str","^(Dog apologizes to the professor)","/str","/ev",{"*":".^.c-1","flg":20},{"c-0":["\n","^Really, professor, look, my dad took a picture. It's really not my fault- ",{"#":"SPEAKER:student"},{"#":"portrait:student_sweat"},"\n","^(Professer found PS traces) ",{"#":"SPEAKER:teacher"},"\n","^Oh - let me see, when did you get a new computer. ",{"#":"SPEAKER:teacher"},{"#":"portrait:angry"},"\n","^The color of the fur on the edge of your dog's mouth is also a bit dislocated. It's quite fake, ha. You have time to PS a picture but no time to write a thesis? ",{"#":"SPEAKER:teacher"},"\n",{"->":"Chapter2.0.g-0"},{"#f":5}],"c-1":["\n","^Professor, I know you won't believe me when I say it, so I brought my dog here. He will explain everything",{"#":"SPEAKER:student"},{"#":"portrait:normal"},{"#":"portrait:student_calm"},"\n","^Prosperity: woof woof woof ! woof woof woof woof woof ! ",{"#":"SPEAKER:student"},"\n","^Professor: Mmmm... oh~ is it true? ! (I can understand dogs?) ",{"#":"SPEAKER:teacher"},"\n","^Prosperity: woof woof woo... woof woo woo woo woo...! woof woof -! ",{"#":"SPEAKER:student"},"\n","^Professor: Well, there is really nothing you can do now. Next time your master writes a thesis, stay away from the computer. Don't make the same mistake the second time, and you will still be a good dog. Do you understand? ",{"#":"SPEAKER:teacher"},"\n","^Prosperity: woof woof ! ",{"#":"SPEAKER:student"},"\n","^(Professor has to believe you. Delayed the deadline for one day) ",{"#":"SPEAKER:system"},"\n","ev",{"VAR?":"daysDelayed"},1,"+","/ev",{"VAR=":"daysDelayed","re":true},{"->":"Chapter2.0.g-0"},{"#f":5}]}],{"#f":5}],"c-1":["\n","^Maybe the message is out of order, professor, the Internet is really slow and I can't see your messages... ",{"#":"SPEAKER:student"},{"#":"portrait:doubt"},{"#":"portrait:angry"},"\n","^Professor, can you see the message I sent, the last message I received from you was an hour ago ",{"#":"SPEAKER:student"},"\n","^(Professor is still waiting)...Is it so slow... OK, then I'll wait ",{"#":"SPEAKER:teacher"},"\n","^(Professor is still waiting)...3 hours...",{"#":"SPEAKER:teacher"},"\n","^(The Professor is still waiting)…………",{"#":"SPEAKER:teacher"},"\n","^……………………………………………… ",{"#":"SPEAKER:teacher"},"\n","^(The Professor realized that you lied to her)","\n","^thesis!!!!",{"#":"SPEAKER:teacher"},{"#":"portrait:angry"},"\n","^(Can't delay the deadline any longer) ",{"#":"SPEAKER:system"},"\n",{"->":"DDL"},{"->":"Chapter2.0.g-0"},{"#f":5}]}],{"#f":5}]}],{"#f":5}],"g-0":[{"->":"Chapter3"},{"#f":5}]}],{"#f":1}],"Chapter3":[["^(…………………………) ",{"#":"SPEAKER:system"},"\n","^(Asked about the thesis by the professor again) ",{"#":"SPEAKER:system"},"\n","^It's time to hand in the thesis. Have you finished writing? ",{"#":"SPEAKER:teacher"},{"#":"portrait:normal"},{"#":"portrait:student_normal"},"\n","ev","str","^(Blame professor)","/str","/ev",{"*":".^.c-0","flg":20},"ev","str","^(Pretend didn't see the message)","/str","/ev",{"*":".^.c-1","flg":20},{"c-0":["\n","^Why are you sending messages about the thesis again? Didn't you send the same mesasges yesterday? ",{"#":"SPEAKER:student"},{"#":"portrait:angry"},{"#":"portrait:student_happy"},"\n","^(Professor angry) ",{"#":"SPEAKER:teacher"},{"#":"portrait:angry"},"\n","^Where is the thesis!?","\n",["ev","str","^(Tell the teacher not to be angry)","/str","/ev",{"*":".^.c-0","flg":20},"ev","str","^(Defense yourself)","/str","/ev",{"*":".^.c-1","flg":20},{"c-0":["\n","^Why are you so angry? It's not good for your health",{"#":"SPEAKER:student"},{"#":"portrait:angry"},{"#":"portrait:student_normal"},"\n","^(Can the professor not be angry?) ",{"#":"SPEAKER:teacher"},"\n","^Watch your attitude! It's you. You pissed me off!",{"#":"SPEAKER:teacher"},"\n",["ev","str","^(Apologize)","/str","/ev",{"*":".^.c-0","flg":20},"ev","str","^(Try to hypnotize the teacher again)","/str","/ev",{"*":".^.c-1","flg":20},{"c-0":["\n","^Sorry, I didn't mean to make you mad ",{"#":"SPEAKER:student"},{"#":"portrait:normal"},{"#":"portrait:student_calm"},"\n","^(Professor only wants the thesis) ",{"#":"SPEAKER:teacher"},{"#":"portrait:normal"},{"#":"portrait:student_calm"},"\n","^Don't apologize. I only want your thesis!","\n",["ev","str","^(Give me one more day)","/str","/ev",{"*":".^.c-0","flg":20},"ev","str","^(Confess)","/str","/ev",{"*":".^.c-1","flg":20},{"c-0":["\n","^Professor, please give me one more day, just one day ",{"#":"SPEAKER:student"},{"#":"portrait:speechless"},{"#":"portrait:student_calm"},"\n","^(Professor is speechless) ",{"#":"SPEAKER:teacher"},"\n","^………………alright","\n","^(delyed one more day) ",{"#":"SPEAKER:system"},"\n","ev",{"VAR?":"daysDelayed"},1,"+","/ev",{"VAR=":"daysDelayed","re":true},{"->":"Chapter3.0.g-0"},{"#f":5}],"c-1":["\n","^I.. I haven't written yet.. ",{"#":"SPEAKER:student"},{"#":"portrait:normal"},{"#":"portrait:student_sweat"},"\n","^(Professor gets angry) ",{"#":"SPEAKER:teacher"},{"#":"portrait:angry"},"\n","^What? You have one last day","\n","^(one more day) ",{"#":"SPEAKER:system"},"\n","ev",{"VAR?":"daysDelayed"},1,"+","/ev",{"VAR=":"daysDelayed","re":true},{"->":"Chapter3.0.g-0"},{"#f":5}]}],{"#f":5}],"c-1":["\n","^No need to submit the thesis~No need to submit the thesis~No need to submit the thesis~ ",{"#":"SPEAKER:student"},{"#":"portrait:normal"},{"#":"portrait:student_happy"},"\n","^(Professor is hypnotized) ",{"#":"SPEAKER:system"},"\n","^(Great, no need to hand in the thesis!) ",{"#":"SPEAKER:student"},"\n","^It's OK to be late,  don't rush ",{"#":"SPEAKER:teacher"},"\n","^(delayed for one more day) ",{"#":"SPEAKER:system"},"\n","ev",{"VAR?":"daysDelayed"},1,"+","/ev",{"VAR=":"daysDelayed","re":true},{"->":"Chapter3.0.g-0"},{"#f":5}]}],{"#f":5}],"c-1":["\n","^Sorry, because I accidentally fell into the well the other day and was trapped for a few days, that's why I didn't finish writing ",{"#":"SPEAKER:student"},{"#":"portrait:normal"},{"#":"portrait:student_sweat"},"\n","^(Professor doesn't want to hear excuses) ",{"#":"SPEAKER:teacher"},"\n","^? What tricks are you playing? I want your thesis! ",{"#":"SPEAKER:teacher"},{"#":"portrait:speechless"},"\n",["ev","str","^(Do nothing)","/str","/ev",{"*":".^.c-0","flg":20},"ev","str","^(Stay up all night)","/str","/ev",{"*":".^.c-1","flg":20},{"c-0":["\n","^……………… ",{"#":"SPEAKER:student"},{"#":"portrait:normal"},{"#":"portrait:student_sweat"},"\n","^(!?) ",{"#":"SPEAKER:teacher"},{"#":"portrait:angry"},"\n","^! ? ?","\n",["ev","str","^(Never mind)","/str","/ev",{"*":".^.c-0","flg":20},"ev","str","^(Struggles)","/str","/ev",{"*":".^.c-1","flg":20},{"c-0":["\n","^Never mind, let it be ",{"#":"SPEAKER:student"},"\n","^OK, I don't care about you either ",{"#":"SPEAKER:teacher"},"\n","^(Can't delay the dealine any longer) ",{"#":"SPEAKER:system"},"\n","ev",{"VAR?":"daysDelayed"},1,"+","/ev",{"VAR=":"daysDelayed","re":true},{"->":"Chapter3.0.g-0"},{"#f":5}],"c-1":["\n","^Woohoo, professor, I will send it to you tomorrow. Give me more chance ",{"#":"SPEAKER:student"},{"#":"portrait:normal"},{"#":"portrait:student_cry"},"\n","^What can I trust you with?  ",{"#":"SPEAKER:teacher"},{"#":"portrait:doubt"},"\n",["ev","str","^(Swear to finish the thesis)","/str","/ev",{"*":".^.c-0","flg":20},{"c-0":["\n","^I swear I will hand in the thesis tomorrow! If I can't make it, I will be struck by lightning! ",{"#":"SPEAKER:student"},{"#":"portrait:normal"},{"#":"portrait:student_pain"},"\n","^(Trust you) Uh, I'll just trust you one more time ",{"#":"SPEAKER:teacher"},"\n",["ev","str","^(Thank you, professor)","/str","/ev",{"*":".^.c-0","flg":20},"ev","str","^(Aha)","/str","/ev",{"*":".^.c-1","flg":20},{"c-0":["\n","^Thanks! ",{"#":"SPEAKER:student"},{"#":"portrait:normal"},{"#":"portrait:student_cry"},"\n","^Hurry up and write !",{"#":"SPEAKER:teacher"},"\n","^(delayed the deadline for one day) ",{"#":"SPEAKER:system"},"\n","ev",{"VAR?":"daysDelayed"},1,"+","/ev",{"VAR=":"daysDelayed","re":true},{"->":"Chapter3.0.g-0"},{"#f":5}],"c-1":["\n","^Great! ",{"#":"SPEAKER:student"},{"#":"portrait:normal"},{"#":"portrait:student_happy"},"\n","^Don't be too happy! ",{"#":"SPEAKER:teacher"},"\n","^(delayed for one day) ",{"#":"SPEAKER:system"},"\n","ev",{"VAR?":"daysDelayed"},1,"+","/ev",{"VAR=":"daysDelayed","re":true},{"->":"Chapter3.0.g-0"},{"#f":5}]}],{"#f":5}]}],{"#f":5}]}],{"#f":5}],"c-1":["\n","^(Have to stay up all night...) ",{"#":"SPEAKER:student"},{"#":"portrait:student_pain"},"\n","^Is the thesis finished? ",{"#":"SPEAKER:teacher"},"\n","^…………(stay up all night again) ",{"#":"SPEAKER:student"},{"#":"portrait:student_pain"},"\n","^Are you done writing it? ",{"#":"SPEAKER:teacher"},"\n","^(Too many overnights, sudden death) ",{"#":"SPEAKER:system"},"\n","^No need to write the thesis now... … ",{"#":"SPEAKER:system"},"\n",{"->":"Ending"},{"->":"Chapter3.0.g-0"},{"#f":5}]}],{"#f":5}]}],{"#f":5}],"c-1":["\n","^……………… ",{"#":"SPEAKER:student"},{"#":"portrait:student_sweat"},{"#":"portrait:normal"},"\n","^(Professor sends another message) ",{"#":"SPEAKER:teacher"},{"#":"portrait:student_sweat"},{"#":"portrait:doubt"},"\n","^Hello! ? Why don't you answer my message?","\n",["ev","str","^(Continues to pretend didn't see the message)","/str","/ev",{"*":".^.c-0","flg":20},"ev","str","^(Reply)","/str","/ev",{"*":".^.c-1","flg":20},{"c-0":["\n","^……………… ",{"#":"SPEAKER:student"},{"#":"portrait:student_sweat"},{"#":"portrait:normal"},"\n","^(Teacher gets angry) ",{"#":"SPEAKER:teacher"},{"#":"portrait:student_sweat"},{"#":"portrait:angry"},"\n","^Last warning! Don't come to university if you don't reply!","\n",["ev","str","^(Reply)","/str","/ev",{"*":".^.c-0","flg":20},"ev","str","^(Ignore warning)","/str","/ev",{"*":".^.c-1","flg":20},{"c-0":["\n","^what! Professor, I am here! ",{"#":"SPEAKER:student"},{"#":"portrait:student_normal"},{"#":"portrait:normal"},"\n","^What were you doing just now? Why not reply to the message ",{"#":"SPEAKER:teacher"},{"#":"portrait:angry"},"\n",["ev","str","^(Sleep)","/str","/ev",{"*":".^.c-0","flg":20},"ev","str","^(At a bar)","/str","/ev",{"*":".^.c-1","flg":20},{"c-0":["\n","^I just woke up, professor... … ",{"#":"SPEAKER:student"},{"#":"portrait:student_calm"},{"#":"portrait:normal"},"\n","^You can sleep well at your age! ? ",{"#":"SPEAKER:teacher"},{"#":"portrait:angry"},"\n","^(CRY)……………………",{"#":"SPEAKER:student"},{"#":"portrait:student_cry"},{"#":"portrait:normal"},"\n","^Think about it and figure it out for yourself ",{"#":"SPEAKER:teacher"},{"#":"portrait:student_cry"},{"#":"portrait:normal"},"\n",["ev","str","^(Keep sleeping)","/str","/ev",{"*":".^.c-0","flg":20},"ev","str","^ (It will be done by tomorrow)","/str","/ev",{"*":".^.c-1","flg":20},{"c-0":["\n","^…………………zzzzzz ",{"#":"SPEAKER:student"},{"#":"portrait:student_pain"},{"#":"portrait:normal"},"\n","^Good! No response again",{"#":"SPEAKER:teacher"},{"#":"portrait:student_pain"},{"#":"portrait:angry"},"\n","^(Can't delay any longer) ",{"#":"SPEAKER:system"},"\n",{"->":"Chapter3.0.g-0"},{"#f":5}],"c-1":["\n","^Professor, I will finish writing tomorrow ",{"#":"SPEAKER:student"},{"#":"portrait:student_calm"},{"#":"portrait:speechless"},"\n","^Well, I trust you one last time ",{"#":"SPEAKER:teacher"},"\n","^(delayed for one day) ",{"#":"SPEAKER:system"},"\n","ev",{"VAR?":"daysDelayed"},1,"+","/ev",{"VAR=":"daysDelayed","re":true},{"->":"Chapter3.0.g-0"},{"#f":5}]}],{"#f":5}],"c-1":["\n","^I was drinking with friends at a bar ",{"#":"SPEAKER:student"},{"#":"portrait:student_happy"},{"#":"portrait:doubt"},"\n","^what! ? ",{"#":"SPEAKER:teacher"},{"#":"portrait:angry"},"\n","^At which bar? I'm coming ",{"#":"portrait:normal"},"\n","^Really? it's the one in front of the university",{"#":"SPEAKER:student"},{"#":"portrait:student_calm"},"\n","^Coming ",{"#":"SPEAKER:teacher"},"\n","^(Drinking with the professor, you both got unconscious, delayed for two more days) ",{"#":"SPEAKER:system"},"\n","ev",{"VAR?":"daysDelayed"},2,"+","/ev",{"VAR=":"daysDelayed","re":true},{"->":"Chapter3.0.g-0"},{"#f":5}]}],{"#f":5}],"c-1":["\n","^It's finished when it's finished ",{"#":"SPEAKER:student"},{"#":"portrait:student_happy"},{"#":"portrait:normal"},"\n","^what! ? ",{"#":"SPEAKER:teacher"},{"#":"portrait:student_happy"},{"#":"portrait:angry"},"\n","^(Pretending to be dead and not replying to messages) ",{"#":"SPEAKER:student"},{"#":"portrait:student_sweat"},"\n","^OK ",{"#":"SPEAKER:teacher"},{"#":"portrait:angry"},"\n","^(Can't delay any longer) ",{"#":"SPEAKER:system"},"\n",{"->":"Chapter3.0.g-0"},{"#f":5}]}],{"#f":5}],"c-1":["\n","^What's up? ",{"#":"SPEAKER:student"},{"#":"portrait:student_normal"},{"#":"portrait:normal"},"\n","^What's up? Don't you know what's going on yourself? ",{"#":"SPEAKER:teacher"},{"#":"portrait:student_normal"},{"#":"portrait:speechless"},"\n",["ev","str","^(Is it about the thesis?)","/str","/ev",{"*":".^.c-0","flg":20},"ev","str","^(Saw professor stealing snacks)","/str","/ev",{"*":".^.c-1","flg":20},{"c-0":["\n","^Is it for the thesis? I remember you asked it before ",{"#":"SPEAKER:student"},{"#":"portrait:student_normal"},{"#":"portrait:normal"},"\n","^Looks like you know there is such a thing as a thesis. ",{"#":"SPEAKER:teacher"},{"#":"portrait:student_normal"},{"#":"portrait:speechless"},"\n",["ev","str","^(Of course I know)","/str","/ev",{"*":".^.c-0","flg":20},"ev","str","^(Ask for more time)","/str","/ev",{"*":".^.c-1","flg":20},{"c-0":["\n","^Of course I know, do you think I'm as stupid as you? ",{"#":"SPEAKER:student"},{"#":"portrait:student_happy"},{"#":"portrait:normal"},"\n","^Attitude! ? ",{"#":"SPEAKER:teacher"},{"#":"portrait:student_happy"},{"#":"portrait:angry"},"\n","^Ah, my attitude is good ",{"#":"SPEAKER:student"},{"#":"portrait:student_happy"},{"#":"portrait:normal"},"\n","^No matter what your attitude is, I only need your thesis ",{"#":"SPEAKER:teacher"},{"#":"portrait:student_happy"},{"#":"portrait:angry"},"\n",["ev","str","^Write it for me","/str","/ev",{"*":".^.c-0","flg":20},"ev","str","^The thesis is finished","/str","/ev",{"*":".^.c-1","flg":20},{"c-0":["\n","^Haha, write it for me haha ",{"#":"SPEAKER:student"},{"#":"portrait:student_happy"},{"#":"portrait:normal"},"\n","^? ",{"#":"SPEAKER:teacher"},{"#":"portrait:student_happy"},{"#":"portrait:angry"},"\n","^(Can't delay any longer) ",{"#":"SPEAKER:system"},"\n",{"->":"Chapter3.0.g-0"},{"#f":5}],"c-1":["\n","^Already finished ",{"#":"SPEAKER:student"},{"#":"portrait:student_calm"},{"#":"portrait:normal"},"\n","^Then send to me tomorrow ",{"#":"SPEAKER:teacher"},{"#":"portrait:normal"},"\n","ev",{"VAR?":"daysDelayed"},1,"+","/ev",{"VAR=":"daysDelayed","re":true},{"->":"Chapter3.0.g-0"},{"#f":5}]}],{"#f":5}],"c-1":["\n","^Give me time please ",{"#":"SPEAKER:student"},{"#":"portrait:student_cry"},{"#":"portrait:normal"},"\n","^No! This is your last chance! ",{"#":"SPEAKER:teacher"},{"#":"portrait:angry"},"\n","^(CRY) ",{"#":"SPEAKER:student"},{"#":"portrait:student_cry"},{"#":"portrait:normal"},"\n","^(Can't delay any longer) ",{"#":"SPEAKER:system"},"\n",{"->":"Chapter3.0.g-0"},{"#f":5}]}],{"#f":5}],"c-1":["\n","^I saw you stealing students' snacks last time ",{"#":"SPEAKER:student"},{"#":"portrait:student_normal"},{"#":"portrait:normal"},"\n","^what! Where? ",{"#":"SPEAKER:teacher"},{"#":"portrait:angry"},"\n","^Haha, not telling you ",{"#":"SPEAKER:student"},{"#":"portrait:student_happy"},{"#":"portrait:angry"},"\n","^Well, OK ",{"#":"SPEAKER:teacher"},{"#":"portrait:normal"},"\n","^Your are mine now ",{"#":"SPEAKER:student"},{"#":"portrait:student_happy"},{"#":"portrait:normal"},"\n","^What do you want! ",{"#":"SPEAKER:teacher"},"\n",["ev","str","^(Ask more time)","/str","/ev",{"*":".^.c-0","flg":20},"ev","str","^(Tell everyone)","/str","/ev",{"*":".^.c-1","flg":20},{"c-0":["\n","^Just let me turn in my thesis late ",{"#":"SPEAKER:student"},{"#":"portrait:student_happy"},{"#":"portrait:normal"},"\n","^Okay... … ",{"#":"SPEAKER:teacher"},"\n",{"->":"Chapter3.0.g-0"},{"#f":5}],"c-1":["\n","^Don't ah ah ah! ! ",{"#":"SPEAKER:teacher"},{"#":"portrait:normal"},"\n","^(Professor is mad) ",{"#":"SPEAKER:system"},"\n","^………………","\n",{"->":"Chapter3.0.g-0"},{"#f":5}]}],{"#f":5}]}],{"#f":5}]}],{"#f":5}],"g-0":[{"->":"DDL"},{"#f":5}]}],{"#f":1}],"Ending":["ev",true,"/ev",{"VAR=":"ending","re":true},"end",{"#f":1}],"DDL":["^(…………) ",{"#":"SPEAKER:system"},"\n","^Deadline is inevitable... ",{"#":"SPEAKER:system"},"\n","ev",true,"/ev",{"VAR=":"ddl","re":true},"end",{"#f":1}],"global decl":["ev",0,{"VAR=":"daysDelayed"},false,{"VAR=":"ddl"},false,{"VAR=":"ending"},"/ev","end",null],"#f":1}],"listDefs":{}}